<?xml version="1.0" encoding="UTF-8"?>
<!DOCTYPE hibernate-configuration PUBLIC
"-//Hibernate/Hibernate Configuration DTD//EN"
"http://hibernate.sourceforge.net/hibernate-configuration-3.0.dtd">
<hibernate-configuration>
	<session-factory>
		<property name="hibernate.connection.driver_class"></property>
		<property name="hibernate.connection.url"></property>
		<property name="hibernate.connection.username"></property>
		<property name="hibernate.connection.password"></property>
		<property name="hibernate.connection.pool_size"></property>
		<property name="show_sql"></property>
		<property name="dialect"></property>
		<property name="hibernate.hbm2ddl.auto"></property>
		<!-- Mapping files -->
		<mapping class="com.cts.booking.entity.Event" />
		<mapping class="com.cts.booking.entity.Booking" />
		<mapping class="com.cts.booking.entity.Customer" />
		<mapping class="com.cts.booking.entity.NewCustomer" />
		<mapping class="com.cts.booking.entity.ExistingCustomer" />
		<mapping class="com.cts.booking.entity.Location" />
	</session-factory>
</hibernate-configuration>